data/fastqs/novogene_202402/WCF07319/WCF07319_CKDL240000597-1A_HHNVFDSX7_L2_1.fq.gz	@A00742:786:HHNVFDSX7:2:1101:1072:1031
data/fastqs/novogene_202402/WCF07319/WCF07319_CKDL240000597-1A_HHNVFDSX7_L2_2.fq.gz	@A00742:786:HHNVFDSX7:2:1101:1072:1031
data/fastqs/novogene_202402/WCF07320/WCF07320_CKDL240000596-1A_HHNVFDSX7_L4_1.fq.gz	@A00742:786:HHNVFDSX7:4:1101:2148:1016
data/fastqs/novogene_202402/WCF07320/WCF07320_CKDL240000596-1A_HHNVFDSX7_L4_2.fq.gz	@A00742:786:HHNVFDSX7:4:1101:2148:1016
data/fastqs/novogene_202402/WCF07321/WCF07321_CKDL240000597-1A_HHNVFDSX7_L2_1.fq.gz	@A00742:786:HHNVFDSX7:2:1101:1163:1031
data/fastqs/novogene_202402/WCF07321/WCF07321_CKDL240000597-1A_HHNVFDSX7_L2_2.fq.gz	@A00742:786:HHNVFDSX7:2:1101:1163:1031
data/fastqs/novogene_202402/WCF07322/WCF07322_CKDL240000597-1A_HHNVFDSX7_L2_1.fq.gz	@A00742:786:HHNVFDSX7:2:1101:1127:1031
data/fastqs/novogene_202402/WCF07322/WCF07322_CKDL240000597-1A_HHNVFDSX7_L2_2.fq.gz	@A00742:786:HHNVFDSX7:2:1101:1127:1031
data/fastqs/novogene_202402/WCF07323/WCF07323_CKDL240000597-1A_HHNVFDSX7_L2_1.fq.gz	@A00742:786:HHNVFDSX7:2:1101:3803:1031
data/fastqs/novogene_202402/WCF07323/WCF07323_CKDL240000597-1A_HHNVFDSX7_L2_2.fq.gz	@A00742:786:HHNVFDSX7:2:1101:3803:1031
data/fastqs/novogene_202402/WCF07324/WCF07324_CKDL240000596-1A_HHNVFDSX7_L4_1.fq.gz	@A00742:786:HHNVFDSX7:4:1101:1244:1016
data/fastqs/novogene_202402/WCF07324/WCF07324_CKDL240000596-1A_HHNVFDSX7_L4_2.fq.gz	@A00742:786:HHNVFDSX7:4:1101:1244:1016
data/fastqs/novogene_202402/WCF07325/WCF07325_CKDL240000596-1A_HHNVFDSX7_L4_1.fq.gz	@A00742:786:HHNVFDSX7:4:1101:1063:1016
data/fastqs/novogene_202402/WCF07325/WCF07325_CKDL240000596-1A_HHNVFDSX7_L4_2.fq.gz	@A00742:786:HHNVFDSX7:4:1101:1063:1016
data/fastqs/novogene_202402/WCF07326/WCF07326_CKDL240000595-1A_HHNVFDSX7_L3_1.fq.gz	@A00742:786:HHNVFDSX7:3:1101:1606:1016
data/fastqs/novogene_202402/WCF07326/WCF07326_CKDL240000595-1A_HHNVFDSX7_L3_2.fq.gz	@A00742:786:HHNVFDSX7:3:1101:1606:1016
data/fastqs/novogene_202402/WCF07327/WCF07327_CKDL240000595-1A_HHNVFDSX7_L3_1.fq.gz	@A00742:786:HHNVFDSX7:3:1101:1570:1016
data/fastqs/novogene_202402/WCF07327/WCF07327_CKDL240000595-1A_HHNVFDSX7_L3_2.fq.gz	@A00742:786:HHNVFDSX7:3:1101:1570:1016
data/fastqs/novogene_202402/WCF07328/WCF07328_CKDL240000595-1A_HHNVFDSX7_L3_1.fq.gz	@A00742:786:HHNVFDSX7:3:1101:2275:1016
data/fastqs/novogene_202402/WCF07328/WCF07328_CKDL240000595-1A_HHNVFDSX7_L3_2.fq.gz	@A00742:786:HHNVFDSX7:3:1101:2275:1016
data/fastqs/novogene_202402/WCF07329/WCF07329_CKDL240000595-1A_HHNVFDSX7_L3_1.fq.gz	@A00742:786:HHNVFDSX7:3:1101:2492:1016
data/fastqs/novogene_202402/WCF07329/WCF07329_CKDL240000595-1A_HHNVFDSX7_L3_2.fq.gz	@A00742:786:HHNVFDSX7:3:1101:2492:1016
data/fastqs/novogene_202402/WCF07330/WCF07330_CKDL240000596-1A_HHNVFDSX7_L4_1.fq.gz	@A00742:786:HHNVFDSX7:4:1101:2112:1016
data/fastqs/novogene_202402/WCF07330/WCF07330_CKDL240000596-1A_HHNVFDSX7_L4_2.fq.gz	@A00742:786:HHNVFDSX7:4:1101:2112:1016
data/fastqs/novogene_202402/WCF07361/WCF07361_CKDL240000596-1A_HHNVFDSX7_L4_1.fq.gz	@A00742:786:HHNVFDSX7:4:1101:1118:1016
data/fastqs/novogene_202402/WCF07361/WCF07361_CKDL240000596-1A_HHNVFDSX7_L4_2.fq.gz	@A00742:786:HHNVFDSX7:4:1101:1118:1016
data/fastqs/novogene_202402/WCF07363/WCF07363_CKDL240000595-1A_HHNVFDSX7_L3_1.fq.gz	@A00742:786:HHNVFDSX7:3:1101:1099:1016
data/fastqs/novogene_202402/WCF07363/WCF07363_CKDL240000595-1A_HHNVFDSX7_L3_2.fq.gz	@A00742:786:HHNVFDSX7:3:1101:1099:1016
data/fastqs/novogene_202402/WCF07364/WCF07364_CKDL240000595-1A_HHNVFDSX7_L3_1.fq.gz	@A00742:786:HHNVFDSX7:3:1101:1208:1016
data/fastqs/novogene_202402/WCF07364/WCF07364_CKDL240000595-1A_HHNVFDSX7_L3_2.fq.gz	@A00742:786:HHNVFDSX7:3:1101:1208:1016
data/fastqs/novogene_202402/WCF07367/WCF07367_CKDL240000596-1A_HHNVFDSX7_L4_1.fq.gz	@A00742:786:HHNVFDSX7:4:1101:1768:1016
data/fastqs/novogene_202402/WCF07367/WCF07367_CKDL240000596-1A_HHNVFDSX7_L4_2.fq.gz	@A00742:786:HHNVFDSX7:4:1101:1768:1016
data/fastqs/novogene_202402/WCF07368/WCF07368_CKDL240000597-1A_HHNVFDSX7_L2_1.fq.gz	@A00742:786:HHNVFDSX7:2:1101:1922:1031
data/fastqs/novogene_202402/WCF07368/WCF07368_CKDL240000597-1A_HHNVFDSX7_L2_2.fq.gz	@A00742:786:HHNVFDSX7:2:1101:1922:1031
data/fastqs/novogene_202402/WCF07369/WCF07369_CKDL240000595-1A_HHNVFDSX7_L3_1.fq.gz	@A00742:786:HHNVFDSX7:3:1101:2202:1016
data/fastqs/novogene_202402/WCF07369/WCF07369_CKDL240000595-1A_HHNVFDSX7_L3_2.fq.gz	@A00742:786:HHNVFDSX7:3:1101:2202:1016
data/fastqs/novogene_202402/WCF07370/WCF07370_CKDL240000595-1A_HHNVFDSX7_L3_1.fq.gz	@A00742:786:HHNVFDSX7:3:1101:1118:1016
data/fastqs/novogene_202402/WCF07370/WCF07370_CKDL240000595-1A_HHNVFDSX7_L3_2.fq.gz	@A00742:786:HHNVFDSX7:3:1101:1118:1016
data/fastqs/novogene_202402/WCF07371/WCF07371_CKDL240000597-1A_HHNVFDSX7_L2_1.fq.gz	@A00742:786:HHNVFDSX7:2:1101:1850:1031
data/fastqs/novogene_202402/WCF07371/WCF07371_CKDL240000597-1A_HHNVFDSX7_L2_2.fq.gz	@A00742:786:HHNVFDSX7:2:1101:1850:1031
data/fastqs/novogene_202402/WCF07373/WCF07373_CKDL240000596-1A_HHNVFDSX7_L4_1.fq.gz	@A00742:786:HHNVFDSX7:4:1101:1479:1016
data/fastqs/novogene_202402/WCF07373/WCF07373_CKDL240000596-1A_HHNVFDSX7_L4_2.fq.gz	@A00742:786:HHNVFDSX7:4:1101:1479:1016
data/fastqs/novogene_202402/WCF07376/WCF07376_CKDL240000596-1A_HHNVFDSX7_L4_1.fq.gz	@A00742:786:HHNVFDSX7:4:1101:1172:1016
data/fastqs/novogene_202402/WCF07376/WCF07376_CKDL240000596-1A_HHNVFDSX7_L4_2.fq.gz	@A00742:786:HHNVFDSX7:4:1101:1172:1016
data/fastqs/novogene_202402/WCF07378/WCF07378_CKDL240000597-1A_HHNVFDSX7_L2_1.fq.gz	@A00742:786:HHNVFDSX7:2:1101:1253:1031
data/fastqs/novogene_202402/WCF07378/WCF07378_CKDL240000597-1A_HHNVFDSX7_L2_2.fq.gz	@A00742:786:HHNVFDSX7:2:1101:1253:1031
data/fastqs/novogene_202402/WCF07380/WCF07380_CKDL240000597-1A_HHNVFDSX7_L2_1.fq.gz	@A00742:786:HHNVFDSX7:2:1101:1181:1031
data/fastqs/novogene_202402/WCF07380/WCF07380_CKDL240000597-1A_HHNVFDSX7_L2_2.fq.gz	@A00742:786:HHNVFDSX7:2:1101:1181:1031
data/fastqs/novogene_202402/WCF07381/WCF07381_CKDL240000597-1A_HHNVFDSX7_L2_1.fq.gz	@A00742:786:HHNVFDSX7:2:1101:1271:1031
data/fastqs/novogene_202402/WCF07381/WCF07381_CKDL240000597-1A_HHNVFDSX7_L2_2.fq.gz	@A00742:786:HHNVFDSX7:2:1101:1271:1031
data/fastqs/novogene_202402/WCF07385/WCF07385_CKDL240000595-1A_HHNVFDSX7_L3_1.fq.gz	@A00742:786:HHNVFDSX7:3:1101:1551:1016
data/fastqs/novogene_202402/WCF07385/WCF07385_CKDL240000595-1A_HHNVFDSX7_L3_2.fq.gz	@A00742:786:HHNVFDSX7:3:1101:1551:1016
data/fastqs/novogene_202402/WCF07387/WCF07387_CKDL240000597-1A_HHNVFDSX7_L2_1.fq.gz	@A00742:786:HHNVFDSX7:2:1101:1669:1031
data/fastqs/novogene_202402/WCF07387/WCF07387_CKDL240000597-1A_HHNVFDSX7_L2_2.fq.gz	@A00742:786:HHNVFDSX7:2:1101:1669:1031
data/fastqs/novogene_202402/WCF07388/WCF07388_CKDL240000595-1A_HHNVFDSX7_L3_1.fq.gz	@A00742:786:HHNVFDSX7:3:1101:1714:1016
data/fastqs/novogene_202402/WCF07388/WCF07388_CKDL240000595-1A_HHNVFDSX7_L3_2.fq.gz	@A00742:786:HHNVFDSX7:3:1101:1714:1016
data/fastqs/novogene_202402/WCF07392/WCF07392_CKDL240000595-1A_HHNVFDSX7_L3_1.fq.gz	@A00742:786:HHNVFDSX7:3:1101:1244:1016
data/fastqs/novogene_202402/WCF07392/WCF07392_CKDL240000595-1A_HHNVFDSX7_L3_2.fq.gz	@A00742:786:HHNVFDSX7:3:1101:1244:1016
data/fastqs/novogene_202402/WCF07393/WCF07393_CKDL240000595-1A_HHNVFDSX7_L3_1.fq.gz	@A00742:786:HHNVFDSX7:3:1101:2058:1016
data/fastqs/novogene_202402/WCF07393/WCF07393_CKDL240000595-1A_HHNVFDSX7_L3_2.fq.gz	@A00742:786:HHNVFDSX7:3:1101:2058:1016
data/fastqs/novogene_202402/WCF07395/WCF07395_CKDL240000596-1A_HHNVFDSX7_L4_1.fq.gz	@A00742:786:HHNVFDSX7:4:1101:1877:1016
data/fastqs/novogene_202402/WCF07395/WCF07395_CKDL240000596-1A_HHNVFDSX7_L4_2.fq.gz	@A00742:786:HHNVFDSX7:4:1101:1877:1016
data/fastqs/novogene_202402/WCF07396/WCF07396_CKDL240000596-1A_HHNVFDSX7_L4_1.fq.gz	@A00742:786:HHNVFDSX7:4:1101:2709:1016
data/fastqs/novogene_202402/WCF07396/WCF07396_CKDL240000596-1A_HHNVFDSX7_L4_2.fq.gz	@A00742:786:HHNVFDSX7:4:1101:2709:1016
data/fastqs/novogene_202402/WCF07397/WCF07397_CKDL240000597-1A_HHNVFDSX7_L2_1.fq.gz	@A00742:786:HHNVFDSX7:2:1101:1868:1031
data/fastqs/novogene_202402/WCF07397/WCF07397_CKDL240000597-1A_HHNVFDSX7_L2_2.fq.gz	@A00742:786:HHNVFDSX7:2:1101:1868:1031
data/fastqs/novogene_202402/WCF07401/WCF07401_CKDL240000596-1A_HHNVFDSX7_L4_1.fq.gz	@A00742:786:HHNVFDSX7:4:1101:3251:1016
data/fastqs/novogene_202402/WCF07401/WCF07401_CKDL240000596-1A_HHNVFDSX7_L4_2.fq.gz	@A00742:786:HHNVFDSX7:4:1101:3251:1016
data/fastqs/novogene_202402/WCF07402/WCF07402_CKDL240000596-1A_HHNVFDSX7_L4_1.fq.gz	@A00742:786:HHNVFDSX7:4:1101:2076:1016
data/fastqs/novogene_202402/WCF07402/WCF07402_CKDL240000596-1A_HHNVFDSX7_L4_2.fq.gz	@A00742:786:HHNVFDSX7:4:1101:2076:1016
data/fastqs/novogene_202402/WCF07403/WCF07403_CKDL240000597-1A_HHNVFDSX7_L2_1.fq.gz	@A00742:786:HHNVFDSX7:2:1101:1705:1031
data/fastqs/novogene_202402/WCF07403/WCF07403_CKDL240000597-1A_HHNVFDSX7_L2_2.fq.gz	@A00742:786:HHNVFDSX7:2:1101:1705:1031
data/fastqs/novogene_202402/WCF07477/WCF07477_CKDL240000596-1A_HHNVFDSX7_L4_1.fq.gz	@A00742:786:HHNVFDSX7:4:1101:1678:1016
data/fastqs/novogene_202402/WCF07477/WCF07477_CKDL240000596-1A_HHNVFDSX7_L4_2.fq.gz	@A00742:786:HHNVFDSX7:4:1101:1678:1016
data/fastqs/novogene_202402/WCF07478/WCF07478_CKDL240000595-1A_HHNVFDSX7_L3_1.fq.gz	@A00742:786:HHNVFDSX7:3:1101:3143:1016
data/fastqs/novogene_202402/WCF07478/WCF07478_CKDL240000595-1A_HHNVFDSX7_L3_2.fq.gz	@A00742:786:HHNVFDSX7:3:1101:3143:1016
data/fastqs/novogene_202402/WCF07494/WCF07494_CKDL240000595-1A_HHNVFDSX7_L3_1.fq.gz	@A00742:786:HHNVFDSX7:3:1101:3269:1016
data/fastqs/novogene_202402/WCF07494/WCF07494_CKDL240000595-1A_HHNVFDSX7_L3_2.fq.gz	@A00742:786:HHNVFDSX7:3:1101:3269:1016
data/fastqs/novogene_202402/WCF07496/WCF07496_CKDL240000595-1A_HHNVFDSX7_L3_1.fq.gz	@A00742:786:HHNVFDSX7:3:1101:1877:1016
data/fastqs/novogene_202402/WCF07496/WCF07496_CKDL240000595-1A_HHNVFDSX7_L3_2.fq.gz	@A00742:786:HHNVFDSX7:3:1101:1877:1016
data/fastqs/novogene_202402/WCF07519/WCF07519_CKDL240000597-1A_HHNVFDSX7_L2_1.fq.gz	@A00742:786:HHNVFDSX7:2:1101:2392:1031
data/fastqs/novogene_202402/WCF07519/WCF07519_CKDL240000597-1A_HHNVFDSX7_L2_2.fq.gz	@A00742:786:HHNVFDSX7:2:1101:2392:1031
data/fastqs/novogene_202402/WCF07526/WCF07526_CKDL240000596-1A_HHNVFDSX7_L4_1.fq.gz	@A00742:786:HHNVFDSX7:4:1101:1425:1016
data/fastqs/novogene_202402/WCF07526/WCF07526_CKDL240000596-1A_HHNVFDSX7_L4_2.fq.gz	@A00742:786:HHNVFDSX7:4:1101:1425:1016
data/fastqs/novogene_202402/WCF07529/WCF07529_CKDL240000597-1A_HHNVFDSX7_L2_1.fq.gz	@A00742:786:HHNVFDSX7:2:1101:1054:1031
data/fastqs/novogene_202402/WCF07529/WCF07529_CKDL240000597-1A_HHNVFDSX7_L2_2.fq.gz	@A00742:786:HHNVFDSX7:2:1101:1054:1031
data/fastqs/novogene_202402/WCF07530/WCF07530_CKDL240000596-1A_HHNVFDSX7_L4_1.fq.gz	@A00742:786:HHNVFDSX7:4:1101:1497:1016
data/fastqs/novogene_202402/WCF07530/WCF07530_CKDL240000596-1A_HHNVFDSX7_L4_2.fq.gz	@A00742:786:HHNVFDSX7:4:1101:1497:1016
data/fastqs/novogene_202402/WCF07550/WCF07550_CKDL240000597-1A_HHNVFDSX7_L2_1.fq.gz	@A00742:786:HHNVFDSX7:2:1101:1506:1031
data/fastqs/novogene_202402/WCF07550/WCF07550_CKDL240000597-1A_HHNVFDSX7_L2_2.fq.gz	@A00742:786:HHNVFDSX7:2:1101:1506:1031
data/fastqs/novogene_202402/WCF07555/WCF07555_CKDL240000595-1A_HHNVFDSX7_L3_1.fq.gz	@A00742:786:HHNVFDSX7:3:1101:3631:1016
data/fastqs/novogene_202402/WCF07555/WCF07555_CKDL240000595-1A_HHNVFDSX7_L3_2.fq.gz	@A00742:786:HHNVFDSX7:3:1101:3631:1016
data/fastqs/novogene_202402/WCF07563/WCF07563_CKDL240000597-1A_HHNVFDSX7_L2_1.fq.gz	@A00742:786:HHNVFDSX7:2:1101:5014:1031
data/fastqs/novogene_202402/WCF07563/WCF07563_CKDL240000597-1A_HHNVFDSX7_L2_2.fq.gz	@A00742:786:HHNVFDSX7:2:1101:5014:1031
data/fastqs/novogene_202402/WCF07569/WCF07569_CKDL240000596-1A_HHNVFDSX7_L4_1.fq.gz	@A00742:786:HHNVFDSX7:4:1101:3685:1016
data/fastqs/novogene_202402/WCF07569/WCF07569_CKDL240000596-1A_HHNVFDSX7_L4_2.fq.gz	@A00742:786:HHNVFDSX7:4:1101:3685:1016
data/fastqs/novogene_202402/WCF09204/WCF09204_CKDL240000596-1A_HHNVFDSX7_L4_1.fq.gz	@A00742:786:HHNVFDSX7:4:1101:3052:1016
data/fastqs/novogene_202402/WCF09204/WCF09204_CKDL240000596-1A_HHNVFDSX7_L4_2.fq.gz	@A00742:786:HHNVFDSX7:4:1101:3052:1016
data/fastqs/novogene_202402/WCF09205/WCF09205_CKDL240000595-1A_HHNVFDSX7_L3_1.fq.gz	@A00742:786:HHNVFDSX7:3:1101:1280:1016
data/fastqs/novogene_202402/WCF09205/WCF09205_CKDL240000595-1A_HHNVFDSX7_L3_2.fq.gz	@A00742:786:HHNVFDSX7:3:1101:1280:1016
data/fastqs/novogene_202402/WCF09206/WCF09206_CKDL240000596-1A_HHNVFDSX7_L4_1.fq.gz	@A00742:786:HHNVFDSX7:4:1101:1099:1016
data/fastqs/novogene_202402/WCF09206/WCF09206_CKDL240000596-1A_HHNVFDSX7_L4_2.fq.gz	@A00742:786:HHNVFDSX7:4:1101:1099:1016
data/fastqs/novogene_202402/WCF09207/WCF09207_CKDL240000597-1A_HHNVFDSX7_L2_1.fq.gz	@A00742:786:HHNVFDSX7:2:1101:3712:1031
data/fastqs/novogene_202402/WCF09207/WCF09207_CKDL240000597-1A_HHNVFDSX7_L2_2.fq.gz	@A00742:786:HHNVFDSX7:2:1101:3712:1031
data/fastqs/novogene_202402/WCF09208/WCF09208_CKDL240000595-1A_HHNVFDSX7_L3_1.fq.gz	@A00742:786:HHNVFDSX7:3:1101:1768:1016
data/fastqs/novogene_202402/WCF09208/WCF09208_CKDL240000595-1A_HHNVFDSX7_L3_2.fq.gz	@A00742:786:HHNVFDSX7:3:1101:1768:1016
data/fastqs/novogene_202402/WCF09209/WCF09209_CKDL240000597-1A_HHNVFDSX7_L2_1.fq.gz	@A00742:786:HHNVFDSX7:2:1101:2718:1031
data/fastqs/novogene_202402/WCF09209/WCF09209_CKDL240000597-1A_HHNVFDSX7_L2_2.fq.gz	@A00742:786:HHNVFDSX7:2:1101:2718:1031
data/fastqs/novogene_202402/WCF09210/WCF09210_CKDL240000596-1A_HHNVFDSX7_L4_1.fq.gz	@A00742:786:HHNVFDSX7:4:1101:1081:1016
data/fastqs/novogene_202402/WCF09210/WCF09210_CKDL240000596-1A_HHNVFDSX7_L4_2.fq.gz	@A00742:786:HHNVFDSX7:4:1101:1081:1016
data/fastqs/novogene_202402/WCF09211/WCF09211_CKDL240000597-1A_HHNVFDSX7_L2_1.fq.gz	@A00742:786:HHNVFDSX7:2:1101:1235:1031
data/fastqs/novogene_202402/WCF09211/WCF09211_CKDL240000597-1A_HHNVFDSX7_L2_2.fq.gz	@A00742:786:HHNVFDSX7:2:1101:1235:1031
data/fastqs/novogene_202402/WCF09212/WCF09212_CKDL240000595-1A_HHNVFDSX7_L3_1.fq.gz	@A00742:786:HHNVFDSX7:3:1101:2293:1016
data/fastqs/novogene_202402/WCF09212/WCF09212_CKDL240000595-1A_HHNVFDSX7_L3_2.fq.gz	@A00742:786:HHNVFDSX7:3:1101:2293:1016
data/fastqs/novogene_202402/WCF09213/WCF09213_CKDL240000597-1A_HHNVFDSX7_L2_1.fq.gz	@A00742:786:HHNVFDSX7:2:1101:1307:1031
data/fastqs/novogene_202402/WCF09213/WCF09213_CKDL240000597-1A_HHNVFDSX7_L2_2.fq.gz	@A00742:786:HHNVFDSX7:2:1101:1307:1031
data/fastqs/novogene_202402/WCF09214/WCF09214_CKDL240000596-1A_HHNVFDSX7_L4_1.fq.gz	@A00742:786:HHNVFDSX7:4:1101:1750:1016
data/fastqs/novogene_202402/WCF09214/WCF09214_CKDL240000596-1A_HHNVFDSX7_L4_2.fq.gz	@A00742:786:HHNVFDSX7:4:1101:1750:1016
data/fastqs/novogene_202402/WCF09215/WCF09215_CKDL240000595-1A_HHNVFDSX7_L3_1.fq.gz	@A00742:786:HHNVFDSX7:3:1101:1949:1016
data/fastqs/novogene_202402/WCF09215/WCF09215_CKDL240000595-1A_HHNVFDSX7_L3_2.fq.gz	@A00742:786:HHNVFDSX7:3:1101:1949:1016
data/fastqs/novogene_202402/WCF09218/WCF09218_CKDL240000595-1A_HHNVFDSX7_L3_1.fq.gz	@A00742:786:HHNVFDSX7:3:1101:2112:1016
data/fastqs/novogene_202402/WCF09218/WCF09218_CKDL240000595-1A_HHNVFDSX7_L3_2.fq.gz	@A00742:786:HHNVFDSX7:3:1101:2112:1016
data/fastqs/novogene_202402/WCF09219/WCF09219_CKDL240000597-1A_HHNVFDSX7_L2_1.fq.gz	@A00742:786:HHNVFDSX7:2:1101:2682:1031
data/fastqs/novogene_202402/WCF09219/WCF09219_CKDL240000597-1A_HHNVFDSX7_L2_2.fq.gz	@A00742:786:HHNVFDSX7:2:1101:2682:1031
data/fastqs/novogene_202402/WCF09220/WCF09220_CKDL240000596-1A_HHNVFDSX7_L4_1.fq.gz	@A00742:786:HHNVFDSX7:4:1101:1353:1016
data/fastqs/novogene_202402/WCF09220/WCF09220_CKDL240000596-1A_HHNVFDSX7_L4_2.fq.gz	@A00742:786:HHNVFDSX7:4:1101:1353:1016
data/fastqs/novogene_202402/WCF09221/WCF09221_CKDL240000595-1A_HHNVFDSX7_L3_1.fq.gz	@A00742:786:HHNVFDSX7:3:1101:1371:1016
data/fastqs/novogene_202402/WCF09221/WCF09221_CKDL240000595-1A_HHNVFDSX7_L3_2.fq.gz	@A00742:786:HHNVFDSX7:3:1101:1371:1016
data/fastqs/novogene_202402/WCF09222/WCF09222_CKDL240000596-1A_HHNVFDSX7_L4_1.fq.gz	@A00742:786:HHNVFDSX7:4:1101:1570:1016
data/fastqs/novogene_202402/WCF09222/WCF09222_CKDL240000596-1A_HHNVFDSX7_L4_2.fq.gz	@A00742:786:HHNVFDSX7:4:1101:1570:1016
data/fastqs/novogene_202402/WCF09223/WCF09223_CKDL240000595-1A_HHNVFDSX7_L3_1.fq.gz	@A00742:786:HHNVFDSX7:3:1101:1425:1016
data/fastqs/novogene_202402/WCF09223/WCF09223_CKDL240000595-1A_HHNVFDSX7_L3_2.fq.gz	@A00742:786:HHNVFDSX7:3:1101:1425:1016
data/fastqs/novogene_202402/WCF09224/WCF09224_CKDL240000597-1A_HHNVFDSX7_L2_1.fq.gz	@A00742:786:HHNVFDSX7:2:1101:1036:1031
data/fastqs/novogene_202402/WCF09224/WCF09224_CKDL240000597-1A_HHNVFDSX7_L2_2.fq.gz	@A00742:786:HHNVFDSX7:2:1101:1036:1031
data/fastqs/novogene_202402/WCF09225/WCF09225_CKDL240000596-1A_HHNVFDSX7_L4_1.fq.gz	@A00742:786:HHNVFDSX7:4:1101:1045:1016
data/fastqs/novogene_202402/WCF09225/WCF09225_CKDL240000596-1A_HHNVFDSX7_L4_2.fq.gz	@A00742:786:HHNVFDSX7:4:1101:1045:1016
data/fastqs/novogene_202402/WCF09226/WCF09226_CKDL240000597-1A_HHNVFDSX7_L2_1.fq.gz	@A00742:786:HHNVFDSX7:2:1101:1217:1031
data/fastqs/novogene_202402/WCF09226/WCF09226_CKDL240000597-1A_HHNVFDSX7_L2_2.fq.gz	@A00742:786:HHNVFDSX7:2:1101:1217:1031
data/fastqs/novogene_202402/WCF09227/WCF09227_CKDL240000596-1A_HHNVFDSX7_L4_1.fq.gz	@A00742:786:HHNVFDSX7:4:1101:1298:1016
data/fastqs/novogene_202402/WCF09227/WCF09227_CKDL240000596-1A_HHNVFDSX7_L4_2.fq.gz	@A00742:786:HHNVFDSX7:4:1101:1298:1016
data/fastqs/novogene_202402/WCF09228/WCF09228_CKDL240000597-1A_HHNVFDSX7_L2_1.fq.gz	@A00742:786:HHNVFDSX7:2:1101:1796:1031
data/fastqs/novogene_202402/WCF09228/WCF09228_CKDL240000597-1A_HHNVFDSX7_L2_2.fq.gz	@A00742:786:HHNVFDSX7:2:1101:1796:1031
data/fastqs/novogene_202402/WCF09229/WCF09229_CKDL240000595-1A_HHNVFDSX7_L3_1.fq.gz	@A00742:786:HHNVFDSX7:3:1101:4047:1016
data/fastqs/novogene_202402/WCF09229/WCF09229_CKDL240000595-1A_HHNVFDSX7_L3_2.fq.gz	@A00742:786:HHNVFDSX7:3:1101:4047:1016
data/fastqs/novogene_202402/WCF09271/WCF09271_CKDL240000595-1A_HHNVFDSX7_L3_1.fq.gz	@A00742:786:HHNVFDSX7:3:1101:1389:1016
data/fastqs/novogene_202402/WCF09271/WCF09271_CKDL240000595-1A_HHNVFDSX7_L3_2.fq.gz	@A00742:786:HHNVFDSX7:3:1101:1389:1016
data/fastqs/novogene_202402/WCF09272/WCF09272_CKDL240000595-1A_HHNVFDSX7_L3_1.fq.gz	@A00742:786:HHNVFDSX7:3:1101:2094:1016
data/fastqs/novogene_202402/WCF09272/WCF09272_CKDL240000595-1A_HHNVFDSX7_L3_2.fq.gz	@A00742:786:HHNVFDSX7:3:1101:2094:1016
data/fastqs/novogene_202402/WCF09273/WCF09273_CKDL240000595-1A_HHNVFDSX7_L3_1.fq.gz	@A00742:786:HHNVFDSX7:3:1101:1262:1016
data/fastqs/novogene_202402/WCF09273/WCF09273_CKDL240000595-1A_HHNVFDSX7_L3_2.fq.gz	@A00742:786:HHNVFDSX7:3:1101:1262:1016
data/fastqs/novogene_202402/WCF09275/WCF09275_CKDL240000596-1A_HHNVFDSX7_L4_1.fq.gz	@A00742:786:HHNVFDSX7:4:1101:1208:1016
data/fastqs/novogene_202402/WCF09275/WCF09275_CKDL240000596-1A_HHNVFDSX7_L4_2.fq.gz	@A00742:786:HHNVFDSX7:4:1101:1208:1016
data/fastqs/novogene_202402/WCF09276/WCF09276_CKDL240000597-1A_HHNVFDSX7_L2_1.fq.gz	@A00742:786:HHNVFDSX7:2:1101:2971:1031
data/fastqs/novogene_202402/WCF09276/WCF09276_CKDL240000597-1A_HHNVFDSX7_L2_2.fq.gz	@A00742:786:HHNVFDSX7:2:1101:2971:1031
data/fastqs/novogene_202402/WCF09279/WCF09279_CKDL240000596-1A_HHNVFDSX7_L4_1.fq.gz	@A00742:786:HHNVFDSX7:4:1101:1027:1016
data/fastqs/novogene_202402/WCF09279/WCF09279_CKDL240000596-1A_HHNVFDSX7_L4_2.fq.gz	@A00742:786:HHNVFDSX7:4:1101:1027:1016
data/fastqs/novogene_202402/WCF09280/WCF09280_CKDL240000597-1A_HHNVFDSX7_L2_1.fq.gz	@A00742:786:HHNVFDSX7:2:1101:2446:1031
data/fastqs/novogene_202402/WCF09280/WCF09280_CKDL240000597-1A_HHNVFDSX7_L2_2.fq.gz	@A00742:786:HHNVFDSX7:2:1101:2446:1031
data/fastqs/novogene_202402/WCF09282/WCF09282_CKDL240000596-1A_HHNVFDSX7_L4_1.fq.gz	@A00742:786:HHNVFDSX7:4:1101:1551:1016
data/fastqs/novogene_202402/WCF09282/WCF09282_CKDL240000596-1A_HHNVFDSX7_L4_2.fq.gz	@A00742:786:HHNVFDSX7:4:1101:1551:1016
data/fastqs/novogene_202402/WCF09284/WCF09284_CKDL240000596-1A_HHNVFDSX7_L4_1.fq.gz	@A00742:786:HHNVFDSX7:4:1101:1389:1016
data/fastqs/novogene_202402/WCF09284/WCF09284_CKDL240000596-1A_HHNVFDSX7_L4_2.fq.gz	@A00742:786:HHNVFDSX7:4:1101:1389:1016
data/fastqs/novogene_202402/WCF09286/WCF09286_CKDL240000597-1A_HHNVFDSX7_L2_1.fq.gz	@A00742:786:HHNVFDSX7:2:1101:2591:1031
data/fastqs/novogene_202402/WCF09286/WCF09286_CKDL240000597-1A_HHNVFDSX7_L2_2.fq.gz	@A00742:786:HHNVFDSX7:2:1101:2591:1031
data/fastqs/novogene_202402/WCF09288/WCF09288_CKDL240000595-1A_HHNVFDSX7_L3_1.fq.gz	@A00742:786:HHNVFDSX7:3:1101:1045:1016
data/fastqs/novogene_202402/WCF09288/WCF09288_CKDL240000595-1A_HHNVFDSX7_L3_2.fq.gz	@A00742:786:HHNVFDSX7:3:1101:1045:1016
data/fastqs/novogene_202402/WCF09290/WCF09290_CKDL240000597-1A_HHNVFDSX7_L2_1.fq.gz	@A00742:786:HHNVFDSX7:2:1101:1380:1031
data/fastqs/novogene_202402/WCF09290/WCF09290_CKDL240000597-1A_HHNVFDSX7_L2_2.fq.gz	@A00742:786:HHNVFDSX7:2:1101:1380:1031
data/fastqs/novogene_202402/WCF09318/WCF09318_CKDL240000596-1A_HHNVFDSX7_L4_1.fq.gz	@A00742:786:HHNVFDSX7:4:1101:2510:1016
data/fastqs/novogene_202402/WCF09318/WCF09318_CKDL240000596-1A_HHNVFDSX7_L4_2.fq.gz	@A00742:786:HHNVFDSX7:4:1101:2510:1016
data/fastqs/novogene_202402/WCF09320/WCF09320_CKDL240000597-1A_HHNVFDSX7_L2_1.fq.gz	@A00742:786:HHNVFDSX7:2:1101:1940:1031
data/fastqs/novogene_202402/WCF09320/WCF09320_CKDL240000597-1A_HHNVFDSX7_L2_2.fq.gz	@A00742:786:HHNVFDSX7:2:1101:1940:1031
data/fastqs/novogene_202402/WCF09321/WCF09321_CKDL240000595-1A_HHNVFDSX7_L3_1.fq.gz	@A00742:786:HHNVFDSX7:3:1101:1497:1016
data/fastqs/novogene_202402/WCF09321/WCF09321_CKDL240000595-1A_HHNVFDSX7_L3_2.fq.gz	@A00742:786:HHNVFDSX7:3:1101:1497:1016
data/fastqs/novogene_202402/WCF09323/WCF09323_CKDL240000596-1A_HHNVFDSX7_L4_1.fq.gz	@A00742:786:HHNVFDSX7:4:1101:1136:1016
data/fastqs/novogene_202402/WCF09323/WCF09323_CKDL240000596-1A_HHNVFDSX7_L4_2.fq.gz	@A00742:786:HHNVFDSX7:4:1101:1136:1016
data/fastqs/novogene_202402/WCF09324/WCF09324_CKDL240000595-1A_HHNVFDSX7_L3_1.fq.gz	@A00742:786:HHNVFDSX7:3:1101:1154:1016
data/fastqs/novogene_202402/WCF09324/WCF09324_CKDL240000595-1A_HHNVFDSX7_L3_2.fq.gz	@A00742:786:HHNVFDSX7:3:1101:1154:1016
data/fastqs/novogene_202402/WCF09325/WCF09325_CKDL240000597-1A_HHNVFDSX7_L2_1.fq.gz	@A00742:786:HHNVFDSX7:2:1101:1597:1031
data/fastqs/novogene_202402/WCF09325/WCF09325_CKDL240000597-1A_HHNVFDSX7_L2_2.fq.gz	@A00742:786:HHNVFDSX7:2:1101:1597:1031
data/fastqs/novogene_202402/WCF09326/WCF09326_CKDL240000597-1A_HHNVFDSX7_L2_1.fq.gz	@A00742:786:HHNVFDSX7:2:1101:1145:1031
data/fastqs/novogene_202402/WCF09326/WCF09326_CKDL240000597-1A_HHNVFDSX7_L2_2.fq.gz	@A00742:786:HHNVFDSX7:2:1101:1145:1031
data/fastqs/novogene_202402/WCF09327/WCF09327_CKDL240000595-1A_HHNVFDSX7_L3_1.fq.gz	@A00742:786:HHNVFDSX7:3:1101:1461:1016
data/fastqs/novogene_202402/WCF09327/WCF09327_CKDL240000595-1A_HHNVFDSX7_L3_2.fq.gz	@A00742:786:HHNVFDSX7:3:1101:1461:1016
data/fastqs/novogene_202402/WCF09333/WCF09333_CKDL240000595-1A_HHNVFDSX7_L3_1.fq.gz	@A00742:786:HHNVFDSX7:3:1101:1063:1016
data/fastqs/novogene_202402/WCF09333/WCF09333_CKDL240000595-1A_HHNVFDSX7_L3_2.fq.gz	@A00742:786:HHNVFDSX7:3:1101:1063:1016
data/fastqs/novogene_202402/WCF09338/WCF09338_CKDL240000596-1A_HHNVFDSX7_L4_1.fq.gz	@A00742:786:HHNVFDSX7:4:1101:1371:1016
data/fastqs/novogene_202402/WCF09338/WCF09338_CKDL240000596-1A_HHNVFDSX7_L4_2.fq.gz	@A00742:786:HHNVFDSX7:4:1101:1371:1016
data/fastqs/novogene_202402/WCF09339/WCF09339_CKDL240000596-1A_HHNVFDSX7_L4_1.fq.gz	@A00742:786:HHNVFDSX7:4:1101:2184:1016
data/fastqs/novogene_202402/WCF09339/WCF09339_CKDL240000596-1A_HHNVFDSX7_L4_2.fq.gz	@A00742:786:HHNVFDSX7:4:1101:2184:1016
data/fastqs/novogene_202402/WCF09340/WCF09340_CKDL240000597-1A_HHNVFDSX7_L2_1.fq.gz	@A00742:786:HHNVFDSX7:2:1101:2031:1031
data/fastqs/novogene_202402/WCF09340/WCF09340_CKDL240000597-1A_HHNVFDSX7_L2_2.fq.gz	@A00742:786:HHNVFDSX7:2:1101:2031:1031
data/fastqs/novogene_20240510/WCF07320/WCF07320_CKDL240015137-1A_H3WCCDSXC_L3_1.fq.gz	@A00261:952:H3WCCDSXC:3:1101:1976:1000
data/fastqs/novogene_20240510/WCF07320/WCF07320_CKDL240015137-1A_H3WCCDSXC_L3_2.fq.gz	@A00261:952:H3WCCDSXC:3:1101:1976:1000
data/fastqs/novogene_20240510/WCF07324/WCF07324_CKDL240015137-1A_H3WCCDSXC_L3_1.fq.gz	@A00261:952:H3WCCDSXC:3:1101:3839:1000
data/fastqs/novogene_20240510/WCF07324/WCF07324_CKDL240015137-1A_H3WCCDSXC_L3_2.fq.gz	@A00261:952:H3WCCDSXC:3:1101:3839:1000
data/fastqs/novogene_20240510/WCF07325/WCF07325_CKDL240015137-1A_H3WCCDSXC_L3_1.fq.gz	@A00261:952:H3WCCDSXC:3:1101:3965:1000
data/fastqs/novogene_20240510/WCF07325/WCF07325_CKDL240015137-1A_H3WCCDSXC_L3_2.fq.gz	@A00261:952:H3WCCDSXC:3:1101:3965:1000
data/fastqs/novogene_20240510/WCF07326/WCF07326_CKDL240015136-1A_H3WCCDSXC_L2_1.fq.gz	@A00261:952:H3WCCDSXC:2:1101:2067:1000
data/fastqs/novogene_20240510/WCF07326/WCF07326_CKDL240015136-1A_H3WCCDSXC_L2_2.fq.gz	@A00261:952:H3WCCDSXC:2:1101:2067:1000
data/fastqs/novogene_20240510/WCF07327/WCF07327_CKDL240015136-1A_H3WCCDSXC_L2_1.fq.gz	@A00261:952:H3WCCDSXC:2:1101:2790:1000
data/fastqs/novogene_20240510/WCF07327/WCF07327_CKDL240015136-1A_H3WCCDSXC_L2_2.fq.gz	@A00261:952:H3WCCDSXC:2:1101:2790:1000
data/fastqs/novogene_20240510/WCF07328/WCF07328_CKDL240015136-1A_H3WCCDSXC_L2_1.fq.gz	@A00261:952:H3WCCDSXC:2:1101:2718:1000
data/fastqs/novogene_20240510/WCF07328/WCF07328_CKDL240015136-1A_H3WCCDSXC_L2_2.fq.gz	@A00261:952:H3WCCDSXC:2:1101:2718:1000
data/fastqs/novogene_20240510/WCF07329/WCF07329_CKDL240015136-1A_H3WCCDSXC_L2_1.fq.gz	@A00261:952:H3WCCDSXC:2:1101:1958:1000
data/fastqs/novogene_20240510/WCF07329/WCF07329_CKDL240015136-1A_H3WCCDSXC_L2_2.fq.gz	@A00261:952:H3WCCDSXC:2:1101:1958:1000
data/fastqs/novogene_20240510/WCF07330/WCF07330_CKDL240015137-1A_H3WCCDSXC_L3_1.fq.gz	@A00261:952:H3WCCDSXC:3:1101:5014:1000
data/fastqs/novogene_20240510/WCF07330/WCF07330_CKDL240015137-1A_H3WCCDSXC_L3_2.fq.gz	@A00261:952:H3WCCDSXC:3:1101:5014:1000
data/fastqs/novogene_20240510/WCF07361/WCF07361_CKDL240015137-1A_H3WCCDSXC_L3_1.fq.gz	@A00261:952:H3WCCDSXC:3:1101:1777:1000
data/fastqs/novogene_20240510/WCF07361/WCF07361_CKDL240015137-1A_H3WCCDSXC_L3_2.fq.gz	@A00261:952:H3WCCDSXC:3:1101:1777:1000
data/fastqs/novogene_20240510/WCF07363/WCF07363_CKDL240015136-1A_H3WCCDSXC_L2_1.fq.gz	@A00261:952:H3WCCDSXC:2:1101:2772:1000
data/fastqs/novogene_20240510/WCF07363/WCF07363_CKDL240015136-1A_H3WCCDSXC_L2_2.fq.gz	@A00261:952:H3WCCDSXC:2:1101:2772:1000
data/fastqs/novogene_20240510/WCF07364/WCF07364_CKDL240015136-1A_H3WCCDSXC_L2_1.fq.gz	@A00261:952:H3WCCDSXC:2:1101:2193:1000
data/fastqs/novogene_20240510/WCF07364/WCF07364_CKDL240015136-1A_H3WCCDSXC_L2_2.fq.gz	@A00261:952:H3WCCDSXC:2:1101:2193:1000
data/fastqs/novogene_20240510/WCF07367/WCF07367_CKDL240015137-1A_H3WCCDSXC_L3_1.fq.gz	@A00261:952:H3WCCDSXC:3:1101:2193:1000
data/fastqs/novogene_20240510/WCF07367/WCF07367_CKDL240015137-1A_H3WCCDSXC_L3_2.fq.gz	@A00261:952:H3WCCDSXC:3:1101:2193:1000
data/fastqs/novogene_20240510/WCF07369/WCF07369_CKDL240015136-1A_H3WCCDSXC_L2_1.fq.gz	@A00261:952:H3WCCDSXC:2:1101:1850:1000
data/fastqs/novogene_20240510/WCF07369/WCF07369_CKDL240015136-1A_H3WCCDSXC_L2_2.fq.gz	@A00261:952:H3WCCDSXC:2:1101:1850:1000
data/fastqs/novogene_20240510/WCF07370/WCF07370_CKDL240015136-1A_H3WCCDSXC_L2_1.fq.gz	@A00261:952:H3WCCDSXC:2:1101:1723:1000
data/fastqs/novogene_20240510/WCF07370/WCF07370_CKDL240015136-1A_H3WCCDSXC_L2_2.fq.gz	@A00261:952:H3WCCDSXC:2:1101:1723:1000
data/fastqs/novogene_20240510/WCF07373/WCF07373_CKDL240015137-1A_H3WCCDSXC_L3_1.fq.gz	@A00261:952:H3WCCDSXC:3:1101:2790:1000
data/fastqs/novogene_20240510/WCF07373/WCF07373_CKDL240015137-1A_H3WCCDSXC_L3_2.fq.gz	@A00261:952:H3WCCDSXC:3:1101:2790:1000
data/fastqs/novogene_20240510/WCF07376/WCF07376_CKDL240015137-1A_H3WCCDSXC_L3_1.fq.gz	@A00261:952:H3WCCDSXC:3:1101:1561:1000
data/fastqs/novogene_20240510/WCF07376/WCF07376_CKDL240015137-1A_H3WCCDSXC_L3_2.fq.gz	@A00261:952:H3WCCDSXC:3:1101:1561:1000
data/fastqs/novogene_20240510/WCF07385/WCF07385_CKDL240015136-1A_H3WCCDSXC_L2_1.fq.gz	@A00261:952:H3WCCDSXC:2:1101:2157:1000
data/fastqs/novogene_20240510/WCF07385/WCF07385_CKDL240015136-1A_H3WCCDSXC_L2_2.fq.gz	@A00261:952:H3WCCDSXC:2:1101:2157:1000
data/fastqs/novogene_20240510/WCF07388/WCF07388_CKDL240015136-1A_H3WCCDSXC_L2_1.fq.gz	@A00261:952:H3WCCDSXC:2:1101:3712:1000
data/fastqs/novogene_20240510/WCF07388/WCF07388_CKDL240015136-1A_H3WCCDSXC_L2_2.fq.gz	@A00261:952:H3WCCDSXC:2:1101:3712:1000
data/fastqs/novogene_20240510/WCF07392/WCF07392_CKDL240015136-1A_H3WCCDSXC_L2_1.fq.gz	@A00261:952:H3WCCDSXC:2:1101:2085:1000
data/fastqs/novogene_20240510/WCF07392/WCF07392_CKDL240015136-1A_H3WCCDSXC_L2_2.fq.gz	@A00261:952:H3WCCDSXC:2:1101:2085:1000
data/fastqs/novogene_20240510/WCF07393/WCF07393_CKDL240015136-1A_H3WCCDSXC_L2_1.fq.gz	@A00261:952:H3WCCDSXC:2:1101:1506:1000
data/fastqs/novogene_20240510/WCF07393/WCF07393_CKDL240015136-1A_H3WCCDSXC_L2_2.fq.gz	@A00261:952:H3WCCDSXC:2:1101:1506:1000
data/fastqs/novogene_20240510/WCF07395/WCF07395_CKDL240015137-1A_H3WCCDSXC_L3_1.fq.gz	@A00261:952:H3WCCDSXC:3:1101:2446:1000
data/fastqs/novogene_20240510/WCF07395/WCF07395_CKDL240015137-1A_H3WCCDSXC_L3_2.fq.gz	@A00261:952:H3WCCDSXC:3:1101:2446:1000
data/fastqs/novogene_20240510/WCF07396/WCF07396_CKDL240015137-1A_H3WCCDSXC_L3_1.fq.gz	@A00261:952:H3WCCDSXC:3:1101:3097:1000
data/fastqs/novogene_20240510/WCF07396/WCF07396_CKDL240015137-1A_H3WCCDSXC_L3_2.fq.gz	@A00261:952:H3WCCDSXC:3:1101:3097:1000
data/fastqs/novogene_20240510/WCF07401/WCF07401_CKDL240015137-1A_H3WCCDSXC_L3_1.fq.gz	@A00261:952:H3WCCDSXC:3:1101:2139:1000
data/fastqs/novogene_20240510/WCF07401/WCF07401_CKDL240015137-1A_H3WCCDSXC_L3_2.fq.gz	@A00261:952:H3WCCDSXC:3:1101:2139:1000
data/fastqs/novogene_20240510/WCF07402/WCF07402_CKDL240015137-1A_H3WCCDSXC_L3_1.fq.gz	@A00261:952:H3WCCDSXC:3:1101:2157:1000
data/fastqs/novogene_20240510/WCF07402/WCF07402_CKDL240015137-1A_H3WCCDSXC_L3_2.fq.gz	@A00261:952:H3WCCDSXC:3:1101:2157:1000
data/fastqs/novogene_20240510/WCF07477/WCF07477_CKDL240015137-1A_H3WCCDSXC_L3_1.fq.gz	@A00261:952:H3WCCDSXC:3:1101:2953:1000
data/fastqs/novogene_20240510/WCF07477/WCF07477_CKDL240015137-1A_H3WCCDSXC_L3_2.fq.gz	@A00261:952:H3WCCDSXC:3:1101:2953:1000
data/fastqs/novogene_20240510/WCF07478/WCF07478_CKDL240015136-1A_H3WCCDSXC_L2_1.fq.gz	@A00261:952:H3WCCDSXC:2:1101:1524:1000
data/fastqs/novogene_20240510/WCF07478/WCF07478_CKDL240015136-1A_H3WCCDSXC_L2_2.fq.gz	@A00261:952:H3WCCDSXC:2:1101:1524:1000
data/fastqs/novogene_20240510/WCF07494/WCF07494_CKDL240015136-1A_H3WCCDSXC_L2_1.fq.gz	@A00261:952:H3WCCDSXC:2:1101:1759:1000
data/fastqs/novogene_20240510/WCF07494/WCF07494_CKDL240015136-1A_H3WCCDSXC_L2_2.fq.gz	@A00261:952:H3WCCDSXC:2:1101:1759:1000
data/fastqs/novogene_20240510/WCF07496/WCF07496_CKDL240015136-1A_H3WCCDSXC_L2_1.fq.gz	@A00261:952:H3WCCDSXC:2:1101:1651:1000
data/fastqs/novogene_20240510/WCF07496/WCF07496_CKDL240015136-1A_H3WCCDSXC_L2_2.fq.gz	@A00261:952:H3WCCDSXC:2:1101:1651:1000
data/fastqs/novogene_20240510/WCF07526/WCF07526_CKDL240015137-1A_H3WCCDSXC_L3_1.fq.gz	@A00261:952:H3WCCDSXC:3:1101:1868:1000
data/fastqs/novogene_20240510/WCF07526/WCF07526_CKDL240015137-1A_H3WCCDSXC_L3_2.fq.gz	@A00261:952:H3WCCDSXC:3:1101:1868:1000
data/fastqs/novogene_20240510/WCF07530/WCF07530_CKDL240015137-1A_H3WCCDSXC_L3_1.fq.gz	@A00261:952:H3WCCDSXC:3:1101:2356:1000
data/fastqs/novogene_20240510/WCF07530/WCF07530_CKDL240015137-1A_H3WCCDSXC_L3_2.fq.gz	@A00261:952:H3WCCDSXC:3:1101:2356:1000
data/fastqs/novogene_20240510/WCF07555/WCF07555_CKDL240015136-1A_H3WCCDSXC_L2_1.fq.gz	@A00261:952:H3WCCDSXC:2:1101:2410:1000
data/fastqs/novogene_20240510/WCF07555/WCF07555_CKDL240015136-1A_H3WCCDSXC_L2_2.fq.gz	@A00261:952:H3WCCDSXC:2:1101:2410:1000
data/fastqs/novogene_20240510/WCF07569/WCF07569_CKDL240015137-1A_H3WCCDSXC_L3_1.fq.gz	@A00261:952:H3WCCDSXC:3:1101:1524:1000
data/fastqs/novogene_20240510/WCF07569/WCF07569_CKDL240015137-1A_H3WCCDSXC_L3_2.fq.gz	@A00261:952:H3WCCDSXC:3:1101:1524:1000
data/fastqs/novogene_20240510/WCF09204/WCF09204_CKDL240015137-1A_H3WCCDSXC_L3_1.fq.gz	@A00261:952:H3WCCDSXC:3:1101:2428:1000
data/fastqs/novogene_20240510/WCF09204/WCF09204_CKDL240015137-1A_H3WCCDSXC_L3_2.fq.gz	@A00261:952:H3WCCDSXC:3:1101:2428:1000
data/fastqs/novogene_20240510/WCF09205/WCF09205_CKDL240015136-1A_H3WCCDSXC_L2_1.fq.gz	@A00261:952:H3WCCDSXC:2:1101:2609:1000
data/fastqs/novogene_20240510/WCF09205/WCF09205_CKDL240015136-1A_H3WCCDSXC_L2_2.fq.gz	@A00261:952:H3WCCDSXC:2:1101:2609:1000
data/fastqs/novogene_20240510/WCF09206/WCF09206_CKDL240015137-1A_H3WCCDSXC_L3_1.fq.gz	@A00261:952:H3WCCDSXC:3:1101:2049:1000
data/fastqs/novogene_20240510/WCF09206/WCF09206_CKDL240015137-1A_H3WCCDSXC_L3_2.fq.gz	@A00261:952:H3WCCDSXC:3:1101:2049:1000
data/fastqs/novogene_20240510/WCF09208/WCF09208_CKDL240015136-1A_H3WCCDSXC_L2_1.fq.gz	@A00261:952:H3WCCDSXC:2:1101:3061:1000
data/fastqs/novogene_20240510/WCF09208/WCF09208_CKDL240015136-1A_H3WCCDSXC_L2_2.fq.gz	@A00261:952:H3WCCDSXC:2:1101:3061:1000
data/fastqs/novogene_20240510/WCF09210/WCF09210_CKDL240015137-1A_H3WCCDSXC_L3_1.fq.gz	@A00261:952:H3WCCDSXC:3:1101:1850:1000
data/fastqs/novogene_20240510/WCF09210/WCF09210_CKDL240015137-1A_H3WCCDSXC_L3_2.fq.gz	@A00261:952:H3WCCDSXC:3:1101:1850:1000
data/fastqs/novogene_20240510/WCF09212/WCF09212_CKDL240015136-1A_H3WCCDSXC_L2_1.fq.gz	@A00261:952:H3WCCDSXC:2:1101:1705:1000
data/fastqs/novogene_20240510/WCF09212/WCF09212_CKDL240015136-1A_H3WCCDSXC_L2_2.fq.gz	@A00261:952:H3WCCDSXC:2:1101:1705:1000
data/fastqs/novogene_20240510/WCF09214/WCF09214_CKDL240015137-1A_H3WCCDSXC_L3_1.fq.gz	@A00261:952:H3WCCDSXC:3:1101:1922:1000
data/fastqs/novogene_20240510/WCF09214/WCF09214_CKDL240015137-1A_H3WCCDSXC_L3_2.fq.gz	@A00261:952:H3WCCDSXC:3:1101:1922:1000
data/fastqs/novogene_20240510/WCF09215/WCF09215_CKDL240015136-1A_H3WCCDSXC_L2_1.fq.gz	@A00261:952:H3WCCDSXC:2:1101:1615:1000
data/fastqs/novogene_20240510/WCF09215/WCF09215_CKDL240015136-1A_H3WCCDSXC_L2_2.fq.gz	@A00261:952:H3WCCDSXC:2:1101:1615:1000
data/fastqs/novogene_20240510/WCF09218/WCF09218_CKDL240015136-1A_H3WCCDSXC_L2_1.fq.gz	@A00261:952:H3WCCDSXC:2:1101:1597:1000
data/fastqs/novogene_20240510/WCF09218/WCF09218_CKDL240015136-1A_H3WCCDSXC_L2_2.fq.gz	@A00261:952:H3WCCDSXC:2:1101:1597:1000
data/fastqs/novogene_20240510/WCF09220/WCF09220_CKDL240015137-1A_H3WCCDSXC_L3_1.fq.gz	@A00261:952:H3WCCDSXC:3:1101:1615:1000
data/fastqs/novogene_20240510/WCF09220/WCF09220_CKDL240015137-1A_H3WCCDSXC_L3_2.fq.gz	@A00261:952:H3WCCDSXC:3:1101:1615:1000
data/fastqs/novogene_20240510/WCF09221/WCF09221_CKDL240015136-1A_H3WCCDSXC_L2_1.fq.gz	@A00261:952:H3WCCDSXC:2:1101:3260:1000
data/fastqs/novogene_20240510/WCF09221/WCF09221_CKDL240015136-1A_H3WCCDSXC_L2_2.fq.gz	@A00261:952:H3WCCDSXC:2:1101:3260:1000
data/fastqs/novogene_20240510/WCF09222/WCF09222_CKDL240015137-1A_H3WCCDSXC_L3_1.fq.gz	@A00261:952:H3WCCDSXC:3:1101:1579:1000
data/fastqs/novogene_20240510/WCF09222/WCF09222_CKDL240015137-1A_H3WCCDSXC_L3_2.fq.gz	@A00261:952:H3WCCDSXC:3:1101:1579:1000
data/fastqs/novogene_20240510/WCF09223/WCF09223_CKDL240015136-1A_H3WCCDSXC_L2_1.fq.gz	@A00261:952:H3WCCDSXC:2:1101:1542:1000
data/fastqs/novogene_20240510/WCF09223/WCF09223_CKDL240015136-1A_H3WCCDSXC_L2_2.fq.gz	@A00261:952:H3WCCDSXC:2:1101:1542:1000
data/fastqs/novogene_20240510/WCF09225/WCF09225_CKDL240015137-1A_H3WCCDSXC_L3_1.fq.gz	@A00261:952:H3WCCDSXC:3:1101:1669:1000
data/fastqs/novogene_20240510/WCF09225/WCF09225_CKDL240015137-1A_H3WCCDSXC_L3_2.fq.gz	@A00261:952:H3WCCDSXC:3:1101:1669:1000
data/fastqs/novogene_20240510/WCF09227/WCF09227_CKDL240015137-1A_H3WCCDSXC_L3_1.fq.gz	@A00261:952:H3WCCDSXC:3:1101:2844:1000
data/fastqs/novogene_20240510/WCF09227/WCF09227_CKDL240015137-1A_H3WCCDSXC_L3_2.fq.gz	@A00261:952:H3WCCDSXC:3:1101:2844:1000
data/fastqs/novogene_20240510/WCF09229/WCF09229_CKDL240015136-1A_H3WCCDSXC_L2_1.fq.gz	@A00261:952:H3WCCDSXC:2:1101:7383:1000
data/fastqs/novogene_20240510/WCF09229/WCF09229_CKDL240015136-1A_H3WCCDSXC_L2_2.fq.gz	@A00261:952:H3WCCDSXC:2:1101:7383:1000
data/fastqs/novogene_20240510/WCF09271/WCF09271_CKDL240015136-1A_H3WCCDSXC_L2_1.fq.gz	@A00261:952:H3WCCDSXC:2:1101:1579:1000
data/fastqs/novogene_20240510/WCF09271/WCF09271_CKDL240015136-1A_H3WCCDSXC_L2_2.fq.gz	@A00261:952:H3WCCDSXC:2:1101:1579:1000
data/fastqs/novogene_20240510/WCF09272/WCF09272_CKDL240015136-1A_H3WCCDSXC_L2_1.fq.gz	@A00261:952:H3WCCDSXC:2:1101:3441:1000
data/fastqs/novogene_20240510/WCF09272/WCF09272_CKDL240015136-1A_H3WCCDSXC_L2_2.fq.gz	@A00261:952:H3WCCDSXC:2:1101:3441:1000
data/fastqs/novogene_20240510/WCF09273/WCF09273_CKDL240015136-1A_H3WCCDSXC_L2_1.fq.gz	@A00261:952:H3WCCDSXC:2:1101:2736:1000
data/fastqs/novogene_20240510/WCF09273/WCF09273_CKDL240015136-1A_H3WCCDSXC_L2_2.fq.gz	@A00261:952:H3WCCDSXC:2:1101:2736:1000
data/fastqs/novogene_20240510/WCF09275/WCF09275_CKDL240015137-1A_H3WCCDSXC_L3_1.fq.gz	@A00261:952:H3WCCDSXC:3:1101:3712:1000
data/fastqs/novogene_20240510/WCF09275/WCF09275_CKDL240015137-1A_H3WCCDSXC_L3_2.fq.gz	@A00261:952:H3WCCDSXC:3:1101:3712:1000
data/fastqs/novogene_20240510/WCF09279/WCF09279_CKDL240015137-1A_H3WCCDSXC_L3_1.fq.gz	@A00261:952:H3WCCDSXC:3:1101:2573:1000
data/fastqs/novogene_20240510/WCF09279/WCF09279_CKDL240015137-1A_H3WCCDSXC_L3_2.fq.gz	@A00261:952:H3WCCDSXC:3:1101:2573:1000
data/fastqs/novogene_20240510/WCF09282/WCF09282_CKDL240015137-1A_H3WCCDSXC_L3_1.fq.gz	@A00261:952:H3WCCDSXC:3:1101:2085:1000
data/fastqs/novogene_20240510/WCF09282/WCF09282_CKDL240015137-1A_H3WCCDSXC_L3_2.fq.gz	@A00261:952:H3WCCDSXC:3:1101:2085:1000
data/fastqs/novogene_20240510/WCF09284/WCF09284_CKDL240015137-1A_H3WCCDSXC_L3_1.fq.gz	@A00261:952:H3WCCDSXC:3:1101:1597:1000
data/fastqs/novogene_20240510/WCF09284/WCF09284_CKDL240015137-1A_H3WCCDSXC_L3_2.fq.gz	@A00261:952:H3WCCDSXC:3:1101:1597:1000
data/fastqs/novogene_20240510/WCF09288/WCF09288_CKDL240015136-1A_H3WCCDSXC_L2_1.fq.gz	@A00261:952:H3WCCDSXC:2:1101:1470:1000
data/fastqs/novogene_20240510/WCF09288/WCF09288_CKDL240015136-1A_H3WCCDSXC_L2_2.fq.gz	@A00261:952:H3WCCDSXC:2:1101:1470:1000
data/fastqs/novogene_20240510/WCF09318/WCF09318_CKDL240015137-1A_H3WCCDSXC_L3_1.fq.gz	@A00261:952:H3WCCDSXC:3:1101:1705:1000
data/fastqs/novogene_20240510/WCF09318/WCF09318_CKDL240015137-1A_H3WCCDSXC_L3_2.fq.gz	@A00261:952:H3WCCDSXC:3:1101:1705:1000
data/fastqs/novogene_20240510/WCF09321/WCF09321_CKDL240015136-1A_H3WCCDSXC_L2_1.fq.gz	@A00261:952:H3WCCDSXC:2:1101:1561:1000
data/fastqs/novogene_20240510/WCF09321/WCF09321_CKDL240015136-1A_H3WCCDSXC_L2_2.fq.gz	@A00261:952:H3WCCDSXC:2:1101:1561:1000
data/fastqs/novogene_20240510/WCF09323/WCF09323_CKDL240015137-1A_H3WCCDSXC_L3_1.fq.gz	@A00261:952:H3WCCDSXC:3:1101:1832:1000
data/fastqs/novogene_20240510/WCF09323/WCF09323_CKDL240015137-1A_H3WCCDSXC_L3_2.fq.gz	@A00261:952:H3WCCDSXC:3:1101:1832:1000
data/fastqs/novogene_20240510/WCF09324/WCF09324_CKDL240015136-1A_H3WCCDSXC_L2_1.fq.gz	@A00261:952:H3WCCDSXC:2:1101:1940:1000
data/fastqs/novogene_20240510/WCF09324/WCF09324_CKDL240015136-1A_H3WCCDSXC_L2_2.fq.gz	@A00261:952:H3WCCDSXC:2:1101:1940:1000
data/fastqs/novogene_20240510/WCF09327/WCF09327_CKDL240015136-1A_H3WCCDSXC_L2_1.fq.gz	@A00261:952:H3WCCDSXC:2:1101:2320:1000
data/fastqs/novogene_20240510/WCF09327/WCF09327_CKDL240015136-1A_H3WCCDSXC_L2_2.fq.gz	@A00261:952:H3WCCDSXC:2:1101:2320:1000
data/fastqs/novogene_20240510/WCF09333/WCF09333_CKDL240015136-1A_H3WCCDSXC_L2_1.fq.gz	@A00261:952:H3WCCDSXC:2:1101:1687:1000
data/fastqs/novogene_20240510/WCF09333/WCF09333_CKDL240015136-1A_H3WCCDSXC_L2_2.fq.gz	@A00261:952:H3WCCDSXC:2:1101:1687:1000
data/fastqs/novogene_20240510/WCF09338/WCF09338_CKDL240015137-1A_H3WCCDSXC_L3_1.fq.gz	@A00261:952:H3WCCDSXC:3:1101:1687:1000
data/fastqs/novogene_20240510/WCF09338/WCF09338_CKDL240015137-1A_H3WCCDSXC_L3_2.fq.gz	@A00261:952:H3WCCDSXC:3:1101:1687:1000
data/fastqs/novogene_20240510/WCF09339/WCF09339_CKDL240015137-1A_H3WCCDSXC_L3_1.fq.gz	@A00261:952:H3WCCDSXC:3:1101:2338:1000
data/fastqs/novogene_20240510/WCF09339/WCF09339_CKDL240015137-1A_H3WCCDSXC_L3_2.fq.gz	@A00261:952:H3WCCDSXC:3:1101:2338:1000
data/fastqs/novogene_20240524/WCF07319/WCF07319_CKDL240017243-1A_HCHGVDSXC_L1_1.fq.gz	@A00261:964:HCHGVDSXC:1:1101:1904:1000
data/fastqs/novogene_20240524/WCF07319/WCF07319_CKDL240017243-1A_HCHGVDSXC_L1_2.fq.gz	@A00261:964:HCHGVDSXC:1:1101:1904:1000
data/fastqs/novogene_20240524/WCF07321/WCF07321_CKDL240017243-1A_HCHGVDSXC_L1_1.fq.gz	@A00261:964:HCHGVDSXC:1:1101:1181:1000
data/fastqs/novogene_20240524/WCF07321/WCF07321_CKDL240017243-1A_HCHGVDSXC_L1_2.fq.gz	@A00261:964:HCHGVDSXC:1:1101:1181:1000
data/fastqs/novogene_20240524/WCF07322/WCF07322_CKDL240017243-1A_HCHGVDSXC_L1_1.fq.gz	@A00261:964:HCHGVDSXC:1:1101:1271:1000
data/fastqs/novogene_20240524/WCF07322/WCF07322_CKDL240017243-1A_HCHGVDSXC_L1_2.fq.gz	@A00261:964:HCHGVDSXC:1:1101:1271:1000
data/fastqs/novogene_20240524/WCF07323/WCF07323_CKDL240017243-1A_HCHGVDSXC_L1_1.fq.gz	@A00261:964:HCHGVDSXC:1:1101:2428:1000
data/fastqs/novogene_20240524/WCF07323/WCF07323_CKDL240017243-1A_HCHGVDSXC_L1_2.fq.gz	@A00261:964:HCHGVDSXC:1:1101:2428:1000
data/fastqs/novogene_20240524/WCF07368/WCF07368_CKDL240017243-1A_HCHGVDSXC_L1_1.fq.gz	@A00261:964:HCHGVDSXC:1:1101:1651:1000
data/fastqs/novogene_20240524/WCF07368/WCF07368_CKDL240017243-1A_HCHGVDSXC_L1_2.fq.gz	@A00261:964:HCHGVDSXC:1:1101:1651:1000
data/fastqs/novogene_20240524/WCF07371/WCF07371_CKDL240017243-1A_HCHGVDSXC_L1_1.fq.gz	@A00261:964:HCHGVDSXC:1:1101:2338:1000
data/fastqs/novogene_20240524/WCF07371/WCF07371_CKDL240017243-1A_HCHGVDSXC_L1_2.fq.gz	@A00261:964:HCHGVDSXC:1:1101:2338:1000
data/fastqs/novogene_20240524/WCF07378/WCF07378_CKDL240017243-1A_HCHGVDSXC_L1_1.fq.gz	@A00261:964:HCHGVDSXC:1:1101:1687:1000
data/fastqs/novogene_20240524/WCF07378/WCF07378_CKDL240017243-1A_HCHGVDSXC_L1_2.fq.gz	@A00261:964:HCHGVDSXC:1:1101:1687:1000
data/fastqs/novogene_20240524/WCF07380/WCF07380_CKDL240017243-1A_HCHGVDSXC_L1_1.fq.gz	@A00261:964:HCHGVDSXC:1:1101:2139:1000
data/fastqs/novogene_20240524/WCF07380/WCF07380_CKDL240017243-1A_HCHGVDSXC_L1_2.fq.gz	@A00261:964:HCHGVDSXC:1:1101:2139:1000
data/fastqs/novogene_20240524/WCF07381/WCF07381_CKDL240017243-1A_HCHGVDSXC_L1_1.fq.gz	@A00261:964:HCHGVDSXC:1:1101:2736:1000
data/fastqs/novogene_20240524/WCF07381/WCF07381_CKDL240017243-1A_HCHGVDSXC_L1_2.fq.gz	@A00261:964:HCHGVDSXC:1:1101:2736:1000
data/fastqs/novogene_20240524/WCF07387/WCF07387_CKDL240017243-1A_HCHGVDSXC_L1_1.fq.gz	@A00261:964:HCHGVDSXC:1:1101:1108:1000
data/fastqs/novogene_20240524/WCF07387/WCF07387_CKDL240017243-1A_HCHGVDSXC_L1_2.fq.gz	@A00261:964:HCHGVDSXC:1:1101:1108:1000
data/fastqs/novogene_20240524/WCF07397/WCF07397_CKDL240017243-1A_HCHGVDSXC_L1_1.fq.gz	@A00261:964:HCHGVDSXC:1:1101:1506:1000
data/fastqs/novogene_20240524/WCF07397/WCF07397_CKDL240017243-1A_HCHGVDSXC_L1_2.fq.gz	@A00261:964:HCHGVDSXC:1:1101:1506:1000
data/fastqs/novogene_20240524/WCF07403/WCF07403_CKDL240017243-1A_HCHGVDSXC_L1_1.fq.gz	@A00261:964:HCHGVDSXC:1:1101:1362:1000
data/fastqs/novogene_20240524/WCF07403/WCF07403_CKDL240017243-1A_HCHGVDSXC_L1_2.fq.gz	@A00261:964:HCHGVDSXC:1:1101:1362:1000
data/fastqs/novogene_20240524/WCF07519/WCF07519_CKDL240017243-1A_HCHGVDSXC_L1_1.fq.gz	@A00261:964:HCHGVDSXC:1:1101:2121:1000
data/fastqs/novogene_20240524/WCF07519/WCF07519_CKDL240017243-1A_HCHGVDSXC_L1_2.fq.gz	@A00261:964:HCHGVDSXC:1:1101:2121:1000
data/fastqs/novogene_20240524/WCF07529/WCF07529_CKDL240017243-1A_HCHGVDSXC_L1_1.fq.gz	@A00261:964:HCHGVDSXC:1:1101:2230:1000
data/fastqs/novogene_20240524/WCF07529/WCF07529_CKDL240017243-1A_HCHGVDSXC_L1_2.fq.gz	@A00261:964:HCHGVDSXC:1:1101:2230:1000
data/fastqs/novogene_20240524/WCF07550/WCF07550_CKDL240017243-1A_HCHGVDSXC_L1_1.fq.gz	@A00261:964:HCHGVDSXC:1:1101:1470:1000
data/fastqs/novogene_20240524/WCF07550/WCF07550_CKDL240017243-1A_HCHGVDSXC_L1_2.fq.gz	@A00261:964:HCHGVDSXC:1:1101:1470:1000
data/fastqs/novogene_20240524/WCF07563/WCF07563_CKDL240017243-1A_HCHGVDSXC_L1_1.fq.gz	@A00261:964:HCHGVDSXC:1:1101:2013:1000
data/fastqs/novogene_20240524/WCF07563/WCF07563_CKDL240017243-1A_HCHGVDSXC_L1_2.fq.gz	@A00261:964:HCHGVDSXC:1:1101:2013:1000
data/fastqs/novogene_20240524/WCF09207/WCF09207_CKDL240017243-1A_HCHGVDSXC_L1_1.fq.gz	@A00261:964:HCHGVDSXC:1:1101:2356:1000
data/fastqs/novogene_20240524/WCF09207/WCF09207_CKDL240017243-1A_HCHGVDSXC_L1_2.fq.gz	@A00261:964:HCHGVDSXC:1:1101:2356:1000
data/fastqs/novogene_20240524/WCF09209/WCF09209_CKDL240017243-1A_HCHGVDSXC_L1_1.fq.gz	@A00261:964:HCHGVDSXC:1:1101:1307:1000
data/fastqs/novogene_20240524/WCF09209/WCF09209_CKDL240017243-1A_HCHGVDSXC_L1_2.fq.gz	@A00261:964:HCHGVDSXC:1:1101:1307:1000
data/fastqs/novogene_20240524/WCF09211/WCF09211_CKDL240017243-1A_HCHGVDSXC_L1_1.fq.gz	@A00261:964:HCHGVDSXC:1:1101:1452:1000
data/fastqs/novogene_20240524/WCF09211/WCF09211_CKDL240017243-1A_HCHGVDSXC_L1_2.fq.gz	@A00261:964:HCHGVDSXC:1:1101:1452:1000
data/fastqs/novogene_20240524/WCF09213/WCF09213_CKDL240017243-1A_HCHGVDSXC_L1_1.fq.gz	@A00261:964:HCHGVDSXC:1:1101:1416:1000
data/fastqs/novogene_20240524/WCF09213/WCF09213_CKDL240017243-1A_HCHGVDSXC_L1_2.fq.gz	@A00261:964:HCHGVDSXC:1:1101:1416:1000
data/fastqs/novogene_20240524/WCF09219/WCF09219_CKDL240017243-1A_HCHGVDSXC_L1_1.fq.gz	@A00261:964:HCHGVDSXC:1:1101:3821:1000
data/fastqs/novogene_20240524/WCF09219/WCF09219_CKDL240017243-1A_HCHGVDSXC_L1_2.fq.gz	@A00261:964:HCHGVDSXC:1:1101:3821:1000
data/fastqs/novogene_20240524/WCF09224/WCF09224_CKDL240017243-1A_HCHGVDSXC_L1_1.fq.gz	@A00261:964:HCHGVDSXC:1:1101:2157:1000
data/fastqs/novogene_20240524/WCF09224/WCF09224_CKDL240017243-1A_HCHGVDSXC_L1_2.fq.gz	@A00261:964:HCHGVDSXC:1:1101:2157:1000
data/fastqs/novogene_20240524/WCF09226/WCF09226_CKDL240017243-1A_HCHGVDSXC_L1_1.fq.gz	@A00261:964:HCHGVDSXC:1:1101:1615:1000
data/fastqs/novogene_20240524/WCF09226/WCF09226_CKDL240017243-1A_HCHGVDSXC_L1_2.fq.gz	@A00261:964:HCHGVDSXC:1:1101:1615:1000
data/fastqs/novogene_20240524/WCF09228/WCF09228_CKDL240017243-1A_HCHGVDSXC_L1_1.fq.gz	@A00261:964:HCHGVDSXC:1:1101:2031:1000
data/fastqs/novogene_20240524/WCF09228/WCF09228_CKDL240017243-1A_HCHGVDSXC_L1_2.fq.gz	@A00261:964:HCHGVDSXC:1:1101:2031:1000
data/fastqs/novogene_20240524/WCF09276/WCF09276_CKDL240017243-1A_HCHGVDSXC_L1_1.fq.gz	@A00261:964:HCHGVDSXC:1:1101:3314:1000
data/fastqs/novogene_20240524/WCF09276/WCF09276_CKDL240017243-1A_HCHGVDSXC_L1_2.fq.gz	@A00261:964:HCHGVDSXC:1:1101:3314:1000
data/fastqs/novogene_20240524/WCF09280/WCF09280_CKDL240017243-1A_HCHGVDSXC_L1_1.fq.gz	@A00261:964:HCHGVDSXC:1:1101:1163:1000
data/fastqs/novogene_20240524/WCF09280/WCF09280_CKDL240017243-1A_HCHGVDSXC_L1_2.fq.gz	@A00261:964:HCHGVDSXC:1:1101:1163:1000
data/fastqs/novogene_20240524/WCF09286/WCF09286_CKDL240017243-1A_HCHGVDSXC_L1_1.fq.gz	@A00261:964:HCHGVDSXC:1:1101:2193:1000
data/fastqs/novogene_20240524/WCF09286/WCF09286_CKDL240017243-1A_HCHGVDSXC_L1_2.fq.gz	@A00261:964:HCHGVDSXC:1:1101:2193:1000
data/fastqs/novogene_20240524/WCF09290/WCF09290_CKDL240017243-1A_HCHGVDSXC_L1_1.fq.gz	@A00261:964:HCHGVDSXC:1:1101:2682:1000
data/fastqs/novogene_20240524/WCF09290/WCF09290_CKDL240017243-1A_HCHGVDSXC_L1_2.fq.gz	@A00261:964:HCHGVDSXC:1:1101:2682:1000
data/fastqs/novogene_20240524/WCF09320/WCF09320_CKDL240017243-1A_HCHGVDSXC_L1_1.fq.gz	@A00261:964:HCHGVDSXC:1:1101:1814:1000
data/fastqs/novogene_20240524/WCF09320/WCF09320_CKDL240017243-1A_HCHGVDSXC_L1_2.fq.gz	@A00261:964:HCHGVDSXC:1:1101:1814:1000
data/fastqs/novogene_20240524/WCF09325/WCF09325_CKDL240017243-1A_HCHGVDSXC_L1_1.fq.gz	@A00261:964:HCHGVDSXC:1:1101:1542:1000
data/fastqs/novogene_20240524/WCF09325/WCF09325_CKDL240017243-1A_HCHGVDSXC_L1_2.fq.gz	@A00261:964:HCHGVDSXC:1:1101:1542:1000
data/fastqs/novogene_20240524/WCF09326/WCF09326_CKDL240017243-1A_HCHGVDSXC_L1_1.fq.gz	@A00261:964:HCHGVDSXC:1:1101:1253:1000
data/fastqs/novogene_20240524/WCF09326/WCF09326_CKDL240017243-1A_HCHGVDSXC_L1_2.fq.gz	@A00261:964:HCHGVDSXC:1:1101:1253:1000
data/fastqs/novogene_20240524/WCF09340/WCF09340_CKDL240017243-1A_HCHGVDSXC_L1_1.fq.gz	@A00261:964:HCHGVDSXC:1:1101:3441:1000
data/fastqs/novogene_20240524/WCF09340/WCF09340_CKDL240017243-1A_HCHGVDSXC_L1_2.fq.gz	@A00261:964:HCHGVDSXC:1:1101:3441:1000
